 "concept" , "enLabel" , "synonymsEn" , "synonymsEs" , "synonymsFr" , "synonymsPt" ,
 "http://aims.fao.org/aos/agrovoc/c_dfbaecdf" , "formal tenure" ,  ,  ,  ,  ,
 "http://aims.fao.org/aos/agrovoc/c_f1ddba0f" , "slum upgrading" ,  ,  ,  ,  ,
 "http://aims.fao.org/aos/agrovoc/c_8dd43c79" , "illegal occupation" ,  ,  ,  ,  ,
 "http://aims.fao.org/aos/agrovoc/c_34ea1b1e" , "squatters" ,  ,  ,  ,  ,
 "http://aims.fao.org/aos/agrovoc/c_72dd6860" , "land valuation" ,  ,  ,  ,  ,
 "http://aims.fao.org/aos/agrovoc/c_24403" , "landlessness" ,  , "falta de tierras" ,  ,  ,
 "http://aims.fao.org/aos/agrovoc/c_119678e7" , "land titling" ,  ,  ,  ,  ,
 "http://aims.fao.org/aos/agrovoc/c_6151" , "poverty" ,  ,  ,  ,  ,
 "http://aims.fao.org/aos/agrovoc/c_2808" , "farmland" , "agricultural land|cropland" ,  ,  ,  ,
 "http://aims.fao.org/aos/agrovoc/c_4176" , "land productivity" ,  ,  ,  ,  ,
 "http://aims.fao.org/aos/agrovoc/c_34823" , "land degradation" ,  ,  ,  ,  ,
 "http://aims.fao.org/aos/agrovoc/c_573abb9f" , "land law" ,  , "derecho de tierras" ,  ,  ,
 "http://aims.fao.org/aos/agrovoc/c_28784" , "usufruct" ,  ,  ,  ,  ,
 "http://aims.fao.org/aos/agrovoc/c_195" , "land policies" , "agrarian policies" ,  ,  , "Política fundiária" ,
 "http://aims.fao.org/aos/agrovoc/c_12069" , "land tenure" ,  ,  ,  ,  ,
 "http://aims.fao.org/aos/agrovoc/c_2ee25bd9" , "parcel plan" ,  , "carta predial" ,  ,  ,
 "http://aims.fao.org/aos/agrovoc/c_b3372020" , "rights in divorce" ,  ,  ,  ,  ,
 "http://aims.fao.org/aos/agrovoc/c_da192f3f" , "property law" ,  ,  ,  ,  ,
 "http://aims.fao.org/aos/agrovoc/c_66afb052" , "land tenure systems" , "land tenure regimes" , "formas de explotación|sistemas de tenencia de la tierra" ,  , "Regimes de posse da terra" ,
 "http://aims.fao.org/aos/agrovoc/c_6604" , "right of access" , "access rights" ,  ,  , "Direito de uso" ,
 "http://aims.fao.org/aos/agrovoc/c_25243" , "grazing" , "pasturing" ,  ,  ,  ,
 "http://aims.fao.org/aos/agrovoc/c_a4f67d48" , "land transactions" ,  ,  ,  ,  ,
 "http://aims.fao.org/aos/agrovoc/c_330982" , "agroforestry systems" ,  ,  ,  ,  ,
 "http://aims.fao.org/aos/agrovoc/c_2807" , "farming systems" , "agricultural systems|types of farming|farming" , "Formas de explotación agraria" ,  , "Sistema agrícola|Tipo de agricultura" ,
 "http://aims.fao.org/aos/agrovoc/c_c9ac54c9" , "boundary face string" ,  , "Cadena de caras frontera" ,  ,  ,
 "http://aims.fao.org/aos/agrovoc/c_37897" , "land cover" ,  ,  ,  ,  ,
 "http://aims.fao.org/aos/agrovoc/c_49983" , "mining" ,  ,  ,  ,  ,
 "http://aims.fao.org/aos/agrovoc/c_dca4b380" , "land documentation" ,  ,  ,  ,  ,
 "http://aims.fao.org/aos/agrovoc/c_1d4ea7db" , "informal property" ,  ,  ,  ,  ,
 "http://aims.fao.org/aos/agrovoc/c_9ca080ca" , "social housing" ,  ,  ,  ,  ,
 "http://aims.fao.org/aos/agrovoc/c_8371" , "wetlands" ,  , "Humedales" ,  , "Terra húmida" ,
 "http://aims.fao.org/aos/agrovoc/c_3022da1f" , "basic administrative unit" ,  ,  ,  ,  ,
 "http://aims.fao.org/aos/agrovoc/c_666dbc26" , "land deals" ,  ,  ,  ,  ,
 "http://aims.fao.org/aos/agrovoc/c_4182" , "land use" , "land development (agriculture)|arable land development" , "Uso de la tierra|Desarrollo de tierras (agricultura)" ,  , "Desenvolvimento fundiário" ,
 "http://aims.fao.org/aos/agrovoc/c_1dfe5bfe" , "gender equity in access to land" ,  ,  ,  ,  ,
 "http://aims.fao.org/aos/agrovoc/c_203" , "agriculture" ,  ,  ,  ,  ,
 "http://aims.fao.org/aos/agrovoc/c_b43d8acf" , "maps" ,  ,  ,  ,  ,
 "http://aims.fao.org/aos/agrovoc/c_a245096c" , "encroachment" , "land encroachment" ,  ,  ,  ,
 "http://aims.fao.org/aos/agrovoc/c_9000022" , "common property" ,  ,  ,  ,  ,
 "http://aims.fao.org/aos/agrovoc/c_9a4f48b4" , "land investments" ,  ,  ,  ,  ,
 "http://aims.fao.org/aos/agrovoc/c_f417a239" , "tenure insecurity" ,  ,  ,  ,  ,
 "http://aims.fao.org/aos/agrovoc/c_4181" , "land transfers" ,  , "transferencias de tierras" ,  ,  ,
 "http://aims.fao.org/aos/agrovoc/c_1882e93f" , "private forests" ,  ,  ,  ,  ,
 "http://aims.fao.org/aos/agrovoc/c_1374070277659" , "forest management plans" ,  , "planes de manejo forestal" ,  ,  ,
 "http://aims.fao.org/aos/agrovoc/c_434cfdd6" , "legal pluralism" ,  ,  ,  ,  ,
 "http://aims.fao.org/aos/agrovoc/c_ba3b2ea7" , "informal settlements" ,  ,  ,  ,  ,
 "http://aims.fao.org/aos/agrovoc/c_331049" , "development" ,  ,  ,  ,  ,
 "http://aims.fao.org/aos/agrovoc/c_33949" , "biodiversity" , "biological diversity|ecosystem diversity|species diversity" , "Diversidad biológica|Diversidad de ecosistemas|Diversidad de especies" ,  , "Diversidade biológica|Diversidade de ecossistema|Diversidade de espécies" ,
 "http://aims.fao.org/aos/agrovoc/c_3ba724f1" , "religious tenure regimes" ,  ,  ,  ,  ,
 "http://aims.fao.org/aos/agrovoc/c_7017dc39" , "Torrens system" ,  ,  ,  ,  ,
 "http://aims.fao.org/aos/agrovoc/c_8e487587" , "pastoral lands" ,  ,  ,  ,  ,
 "http://aims.fao.org/aos/agrovoc/c_16062" , "water rights" ,  ,  ,  ,  ,
 "http://aims.fao.org/aos/agrovoc/c_9001019" , "slums" ,  , "Ocupantes (ilegales)|Tugurios|Barrio pobre" ,  , "Favela" ,
 "http://aims.fao.org/aos/agrovoc/c_6699" , "rural areas" , "nonmetropolitan areas" , "Áreas no metropolitanas|Áreas rurales" ,  , "Área não metropolitana" ,
 "http://aims.fao.org/aos/agrovoc/c_11230" , "government" , "public institutions" , "instituciones públicas" ,  , "Instituição pública" ,
 "http://aims.fao.org/aos/agrovoc/c_945c9e82" , "use rights" , "right of use" ,  ,  ,  ,
 "http://aims.fao.org/aos/agrovoc/c_4fad5356" , "land equity" ,  ,  ,  ,  ,
 "http://aims.fao.org/aos/agrovoc/c_37734" , "land distribution" ,  ,  ,  ,  ,
 "http://aims.fao.org/aos/agrovoc/c_6b8a1f45" , "manure contract" ,  ,  ,  ,  ,
 "http://aims.fao.org/aos/agrovoc/c_6701" , "rural development" ,  ,  ,  ,  ,
 "http://aims.fao.org/aos/agrovoc/c_4175" , "land markets" ,  ,  ,  ,  ,
 "http://aims.fao.org/aos/agrovoc/c_37899" , "land use planning" ,  , "planificación del uso del suelo" ,  ,  ,
 "http://aims.fao.org/aos/agrovoc/c_653f04fe" , "pastoralists" ,  ,  ,  , "Pastores" ,
 "http://aims.fao.org/aos/agrovoc/c_bafa787a" , "equal rights" ,  ,  ,  ,  ,
 "http://aims.fao.org/aos/agrovoc/c_8085" , "urban areas" ,  , "Espacio urbano|Áreas urbanas" ,  ,  ,
 "http://aims.fao.org/aos/agrovoc/c_28663" , "corruption" ,  ,  ,  ,  ,
 "http://aims.fao.org/aos/agrovoc/c_8320" , "water management" ,  , "Manejo de aguas|Ordenación de cursos de agua|Derivación de cursos de agua|Economía hidráulica|Terraplen (cursos de agua)" ,  ,  ,
 "http://aims.fao.org/aos/agrovoc/c_32620" , "urban forestry" ,  ,  ,  ,  ,
 "http://aims.fao.org/aos/agrovoc/c_e236b2b1" , "land conflicts" ,  ,  ,  ,  ,
 "http://aims.fao.org/aos/agrovoc/c_2934" , "fisheries" , "fishing industry|commercial fisheries" , "Industria pesquera" ,  , "Indústria de pesca|Pesca comercial" ,
 "http://aims.fao.org/aos/agrovoc/c_58d1d92e" , "rule of law" ,  ,  ,  ,  ,
 "http://aims.fao.org/aos/agrovoc/c_f73955fb" , "tenant farmers" ,  , "arrendatario|agricultor arrendatario" ,  ,  ,
 "http://aims.fao.org/aos/agrovoc/c_16205" , "waste land" , "wasteland" , "Yermos" ,  ,  ,
 "http://aims.fao.org/aos/agrovoc/c_29225" , "lineage" ,  ,  ,  , "Genealogia" ,
 "http://aims.fao.org/aos/agrovoc/c_3f55b7d6" , "land surveying" ,  , "Estudios sobre la tierra|Estudios topográficos" ,  ,  ,
 "http://aims.fao.org/aos/agrovoc/c_a9e7dd7f" , "territory" ,  ,  ,  ,  ,
 "http://aims.fao.org/aos/agrovoc/c_de048871" , "common rights" ,  ,  ,  ,  ,
 "http://aims.fao.org/aos/agrovoc/c_1ada969a" , "land dispute" ,  , "conflicto de tierra" ,  ,  ,
 "http://aims.fao.org/aos/agrovoc/c_35332" , "sustainable development" , "ecodevelopment|sustainable economic development" , "Ecodesarrollo|Desarrollo económico sostenible" ,  , "Ecodesenvolvimento|Desenvolvimento económico sustentável" ,
 "http://aims.fao.org/aos/agrovoc/c_b769471e" , "title deeds" ,  , "Título de tierras" ,  ,  ,
 "http://aims.fao.org/aos/agrovoc/c_4397" , "livestock" , "farm animals|animal stock" ,  ,  , "Animal da quinta|Pecuária" ,
 "http://aims.fao.org/aos/agrovoc/c_9df6243d" , "spatial units" ,  ,  ,  ,  ,
 "http://aims.fao.org/aos/agrovoc/c_9000107" , "local communities" ,  ,  ,  ,  ,
 "http://aims.fao.org/aos/agrovoc/c_1464c114" , "land allocation" ,  ,  ,  ,  ,
 "http://aims.fao.org/aos/agrovoc/c_21323863" , "estate management" ,  ,  ,  ,  ,
 "http://aims.fao.org/aos/agrovoc/c_3122d115" , "boundary face" ,  , "Cara frontera" ,  ,  ,
 "http://aims.fao.org/aos/agrovoc/c_a6fdfb0e" , "riparian rights" ,  ,  ,  ,  ,
 "http://aims.fao.org/aos/agrovoc/c_4822" , "migration" , "exodus|transmigration" , "Éxodo|Trasmigración" ,  , "Êxodo|Transmigração" ,
 "http://aims.fao.org/aos/agrovoc/c_aca7ac6d" , "land governance" ,  ,  ,  ,  ,
 "http://aims.fao.org/aos/agrovoc/c_d50d4695" , "land restoration" ,  ,  ,  ,  ,
 "http://aims.fao.org/aos/agrovoc/c_28717" , "land improvement" , "melioration of land|land melioration|land amelioration" ,  ,  , "Melhoramento da terra" ,
 "http://aims.fao.org/aos/agrovoc/c_dec8141f" , "farm tenancy" ,  , "arrendamiento de estancias" ,  ,  ,
 "http://aims.fao.org/aos/agrovoc/c_6" , "abandoned land" , "derelict land|idle land|unoccupied land" , "Baldío|Terrenos baldíos" ,  , "Terra não cultivada" ,
 "http://aims.fao.org/aos/agrovoc/c_ceb73ce1" , "alienation (land)" ,  , "enajenación (de tierras)" ,  ,  ,
 "http://aims.fao.org/aos/agrovoc/c_357653f9" , "concession (land)" ,  , "concesión de tierras" ,  ,  ,
 "http://aims.fao.org/aos/agrovoc/c_35131" , "geographical information systems" , "GIS|geographic information systems" , "SIG" ,  , "SIG" ,
 "http://aims.fao.org/aos/agrovoc/c_7a25baee" , "control rights" ,  ,  ,  ,  ,
 "http://aims.fao.org/aos/agrovoc/c_32525" , "private sector" ,  ,  ,  ,  ,
 "http://aims.fao.org/aos/agrovoc/c_8491" , "youth" ,  ,  ,  ,  ,
 "http://aims.fao.org/aos/agrovoc/c_22d01a32" , "state property" ,  ,  ,  ,  ,
 "http://aims.fao.org/aos/agrovoc/c_8c59c597" , "forest law" , "forestry legislation" ,  ,  ,  ,
 "http://aims.fao.org/aos/agrovoc/c_e6067b76" , "land rights activists" ,  ,  ,  ,  ,
 "http://aims.fao.org/aos/agrovoc/c_fdfbb37f" , "parcels" , "plots" ,  ,  , "Lote" ,
 "http://aims.fao.org/aos/agrovoc/c_9000082" , "private property" , "individual land property" ,  ,  ,  ,
 "http://aims.fao.org/aos/agrovoc/c_32a959b0" , "land records" ,  ,  ,  ,  ,
 "http://aims.fao.org/aos/agrovoc/c_3366" , "grasslands" , "llanos" ,  ,  , "Llanos" ,
 "http://aims.fao.org/aos/agrovoc/c_26790" , "infrastructure" ,  ,  ,  ,  ,
 "http://aims.fao.org/aos/agrovoc/c_ecf20c17" , "waste (abuse)" ,  ,  ,  , "Abuso" ,
 "http://aims.fao.org/aos/agrovoc/c_37836" , "capacity building" , "capacity development" , "desarrollo de capacidad" ,  , "Capacitação" ,
 "http://aims.fao.org/aos/agrovoc/c_10222" , "customary law" ,  ,  ,  ,  ,
 "http://aims.fao.org/aos/agrovoc/c_9c081fdc" , "pre-emption rights" ,  , "derechos de preferencia" ,  ,  ,
 "http://aims.fao.org/aos/agrovoc/c_bac66d94" , "grazing contracts" ,  ,  ,  ,  ,
 "http://aims.fao.org/aos/agrovoc/c_dc5739ab" , "statutory tenure" ,  ,  ,  ,  ,
 "http://aims.fao.org/aos/agrovoc/c_c24a986b" , "utility networks" ,  ,  ,  ,  ,
 "http://aims.fao.org/aos/agrovoc/c_1791" , "compensation" ,  ,  ,  ,  ,
 "http://aims.fao.org/aos/agrovoc/c_aa48855b" , "transaction costs" ,  ,  ,  ,  ,
 "http://aims.fao.org/aos/agrovoc/c_9000098" , "land registration" ,  ,  ,  ,  ,
 "http://aims.fao.org/aos/agrovoc/c_28718" , "land ownership" , "landholding systems" ,  ,  ,  ,
 "http://aims.fao.org/aos/agrovoc/c_d42b49e7" , "indigenous land rights" ,  ,  ,  ,  ,
 "http://aims.fao.org/aos/agrovoc/c_a9966ac9" , "capital value (land)" ,  ,  ,  ,  ,
 "http://aims.fao.org/aos/agrovoc/c_a291ae58" , "indigenous tenure" , "indigenous land tenure" ,  ,  ,  ,
 "http://aims.fao.org/aos/agrovoc/c_fac4b794" , "land use change" ,  ,  ,  ,  ,
 "http://aims.fao.org/aos/agrovoc/c_15d674ca" , "land contracts" ,  ,  ,  ,  ,
 "http://aims.fao.org/aos/agrovoc/c_0b88a82c" , "eviction" ,  ,  ,  ,  ,
 "http://aims.fao.org/aos/agrovoc/c_5091" , "natural resources" ,  ,  ,  , "Recursos naturais" ,
 "http://aims.fao.org/aos/agrovoc/c_3043" , "foreign investment" ,  ,  ,  ,  ,
 "http://aims.fao.org/aos/agrovoc/c_34fdb55c" , "Islamic law" ,  ,  ,  ,  ,
 "http://aims.fao.org/aos/agrovoc/c_65c7772b" , "displacement" ,  ,  ,  ,  ,
 "http://aims.fao.org/aos/agrovoc/c_cf5b0fc7" , "spatial source" ,  ,  ,  ,  ,
 "http://aims.fao.org/aos/agrovoc/c_1abcaf51" , "Land Administration Domain Model" ,  ,  ,  ,  ,
 "http://aims.fao.org/aos/agrovoc/c_2143" , "decentralization" , "deconcentration" , "Desconcentración" ,  , "Desconcentração" ,
 "http://aims.fao.org/aos/agrovoc/c_56c34d4d" , "customary tenure" ,  ,  ,  ,  ,
 "http://aims.fao.org/aos/agrovoc/c_9000100" , "land use mapping" ,  ,  ,  , "Cartografia do do uso do solo" ,
 "http://aims.fao.org/aos/agrovoc/c_50226" , "grassroots organizations" ,  ,  ,  , "organizações de base" ,
 "http://aims.fao.org/aos/agrovoc/c_70a14ab3" , "land inheritance rights" ,  ,  ,  ,  ,
 "http://aims.fao.org/aos/agrovoc/c_1177" , "cadastres" ,  ,  ,  , "Registo de terras" ,
 "http://aims.fao.org/aos/agrovoc/c_ffd74ae5" , "continuum of land rights" , "continuum in land rights" ,  ,  ,  ,
 "http://aims.fao.org/aos/agrovoc/c_2785" , "families" , "families (social group)" ,  ,  ,  ,
 "http://aims.fao.org/aos/agrovoc/c_d774aa00" , "cadastral administration" ,  ,  ,  ,  ,
 "http://aims.fao.org/aos/agrovoc/c_cc3d0c47" , "tenure regularization" ,  ,  ,  ,  ,
 "http://aims.fao.org/aos/agrovoc/c_9000021" , "coastal areas" ,  ,  ,  , "Litoral" ,
 "http://aims.fao.org/aos/agrovoc/c_37952" , "protected areas" ,  ,  ,  , "Áreas protegida" ,
 "http://aims.fao.org/aos/agrovoc/c_37720" , "green belts" ,  ,  ,  , "Cinturas verdes" ,
 "http://aims.fao.org/aos/agrovoc/c_29157" , "collective ownership" ,  ,  ,  , "Propriedade colectiva" ,
 "http://aims.fao.org/aos/agrovoc/c_8b6d895f" , "land loans" ,  ,  ,  ,  ,
 "http://aims.fao.org/aos/agrovoc/c_6448" , "rangelands" ,  , "pastizales" ,  , "Área de pastagem" ,
 "http://aims.fao.org/aos/agrovoc/c_cc39a497" , "land grabbing" ,  ,  ,  ,  ,
 "http://aims.fao.org/aos/agrovoc/c_976a1ab6" , "levels" ,  , "Grado" ,  ,  ,
 "http://aims.fao.org/aos/agrovoc/c_6192" , "private ownership" ,  ,  ,  ,  ,
 "http://aims.fao.org/aos/agrovoc/c_26e30c73" , "surveyors" , "land surveyors" , "agrimensores" ,  , "Topógrafo" ,
 "http://aims.fao.org/aos/agrovoc/c_4911" , "monitoring" ,  , "Chequéo continuo|Monitorización|Monitoreo|Monitoramento" ,  ,  ,
 "http://aims.fao.org/aos/agrovoc/c_931da360" , "collateral (land)" , "land based collateral" , "garantía basada en la tierra" ,  ,  ,
 "http://aims.fao.org/aos/agrovoc/c_64d8574a" , "marital property rights" ,  ,  ,  ,  ,
 "http://aims.fao.org/aos/agrovoc/c_330834" , "activities" ,  ,  ,  ,  ,
 "http://aims.fao.org/aos/agrovoc/c_ee93bbbe" , "adjudication" ,  ,  ,  ,  ,
 "http://aims.fao.org/aos/agrovoc/c_5d3b8015" , "extractive industries" ,  ,  ,  ,  ,
 "http://aims.fao.org/aos/agrovoc/c_6513" , "research" , "scientific research|research and development|development research" , "Investigación científica|Investigación y desarrollo|Investigación desarrollo" ,  , "Pesquisa científica|Investigação e desenvolvimento|Investigação desenvolvimento" ,
 "http://aims.fao.org/aos/agrovoc/c_10967" , "food security" , "food insecurity" ,  ,  , "Insegurança alimentar" ,
 "http://aims.fao.org/aos/agrovoc/c_7fc44e33" , "tenure security" , "security of tenure (land)|security of land tenure" , "reconocimiento de la posesión (de la tierra)|seguridad en la tenencia de la tierra" ,  , "Segurança da posse (de terra)" ,
 "http://aims.fao.org/aos/agrovoc/c_854e9e62" , "conflict of interest" ,  ,  ,  ,  ,
 "http://aims.fao.org/aos/agrovoc/c_0d7ef890" , "investment funds" ,  ,  ,  ,  ,
 "http://aims.fao.org/aos/agrovoc/c_15686" , "boundaries" , "territorial boundaries" ,  ,  , "Fronteira territorial" ,
 "http://aims.fao.org/aos/agrovoc/c_36580" , "sustainable land management" ,  , "gestión sostenible de la tierra" ,  ,  ,
 "http://aims.fao.org/aos/agrovoc/c_330990" , "assessment" ,  , "Valoración" ,  ,  ,
 "http://aims.fao.org/aos/agrovoc/c_330886" , "tenants" ,  ,  ,  ,  ,
 "http://aims.fao.org/aos/agrovoc/c_9e450562" , "face based spatial units" ,  ,  ,  ,  ,
 "http://aims.fao.org/aos/agrovoc/c_f29f3106" , "gender equity" ,  ,  ,  ,  ,
 "http://aims.fao.org/aos/agrovoc/c_8c6882ab" , "assignment (land)" ,  , "asignación de tierras" ,  ,  ,
 "http://aims.fao.org/aos/agrovoc/c_9904d265" , "right of first occupancy" ,  ,  ,  ,  ,
 "http://aims.fao.org/aos/agrovoc/c_599d2e5c" , "co-ownership rights" ,  ,  ,  ,  ,
 "http://aims.fao.org/aos/agrovoc/c_41b77c02" , "communal territory" ,  ,  ,  ,  ,
 "http://aims.fao.org/aos/agrovoc/c_4075759d" , "human settlements" ,  ,  ,  ,  ,
 "http://aims.fao.org/aos/agrovoc/c_864ce3fa" , "responsible investment" ,  ,  ,  ,  ,
 "http://aims.fao.org/aos/agrovoc/c_8088" , "urbanization" ,  ,  ,  ,  ,
 "http://aims.fao.org/aos/agrovoc/c_15991" , "land classification" ,  ,  ,  ,  ,
 "http://aims.fao.org/aos/agrovoc/c_8420" , "women" ,  ,  ,  ,  ,
 "http://aims.fao.org/aos/agrovoc/c_862db225" , "management rights" ,  , "derechos de manejo" ,  ,  ,
 "http://aims.fao.org/aos/agrovoc/c_a1b5abd0" , "housing rights" ,  ,  ,  ,  ,
 "http://aims.fao.org/aos/agrovoc/c_ab3e3992" , "building units" ,  ,  ,  ,  ,
 "http://aims.fao.org/aos/agrovoc/c_14343" , "smallholders" , "small farmers|smallholder farmers|peasants|small holder farmers" , "campesinos" ,  ,  ,
 "http://aims.fao.org/aos/agrovoc/c_28633" , "agricultural and rural legislation" , "agrarian law|agricultural and rural law|agricultural law" , "Derecho agrario" ,  , "Direito agrário|Legislação agrícola|Legislação agrícola e rural" ,
 "http://aims.fao.org/aos/agrovoc/c_9044ce39" , "occupation" ,  , "invasión" ,  ,  ,
 "http://aims.fao.org/aos/agrovoc/c_10391" , "natural disasters" ,  ,  ,  , "Desastres naturais" ,
 "http://aims.fao.org/aos/agrovoc/c_4173" , "land consolidation" , "reparcelling|reallotment" ,  ,  ,  ,
 "http://aims.fao.org/aos/agrovoc/c_1374480530924" , "resilience" , "resilience to shocks and crises" , "Resiliencia frente a impactos y crisis" ,  ,  ,
 "http://aims.fao.org/aos/agrovoc/c_4cae1a3d" , "land practitioners" ,  ,  ,  ,  ,
 "http://aims.fao.org/aos/agrovoc/c_9000096" , "land information systems" ,  , "Sistemas de información territorial" ,  ,  ,
 "http://aims.fao.org/aos/agrovoc/c_9001015" , "periurban areas" ,  ,  ,  ,  ,
 "http://aims.fao.org/aos/agrovoc/c_13609" , "property" ,  ,  ,  ,  ,
 "http://aims.fao.org/aos/agrovoc/c_57156ff8" , "land readjustment" ,  ,  ,  ,  ,
 "http://aims.fao.org/aos/agrovoc/c_f7cf8606" , "dowry (land)" ,  ,  ,  ,  ,
 "http://aims.fao.org/aos/agrovoc/c_1783" , "common law" ,  ,  ,  ,  ,
 "http://aims.fao.org/aos/agrovoc/c_778a14cf" , "commons" ,  ,  ,  ,  ,
 "http://aims.fao.org/aos/agrovoc/c_2593" , "environment" , "ecological zonation|ecological zones" , "Zonificación ecológica|Zonas ecológicas|Medio natural|Ambiente" ,  , "Zonagem ecológica|Zona ecológica" ,
 "http://aims.fao.org/aos/agrovoc/c_b317eba8" , "land delivery" ,  ,  ,  ,  ,
 "http://aims.fao.org/aos/agrovoc/c_85dfd05c" , "patrilineal lineage" ,  ,  ,  ,  ,
 "http://aims.fao.org/aos/agrovoc/c_9000094" , "land cover mapping" ,  , "mapa de cobertura de la tierra" ,  ,  ,
 "http://aims.fao.org/aos/agrovoc/c_1662" , "land clearing" , "land clearance" , "Desmonte de tierras" ,  , "Rocadura" ,
 "http://aims.fao.org/aos/agrovoc/c_ccc27fe2" , "palm oil industries" ,  ,  ,  ,  ,
 "http://aims.fao.org/aos/agrovoc/c_6120d7bc" , "deed registration" ,  ,  ,  ,  ,
 "http://aims.fao.org/aos/agrovoc/c_31e765ad" , "servient tenement" ,  ,  ,  ,  ,
 "http://aims.fao.org/aos/agrovoc/c_36551" , "intensive land use" ,  ,  ,  ,  ,
 "http://aims.fao.org/aos/agrovoc/c_37948" , "urban planning" , "town planning" ,  ,  , "Planeamento urbano" ,
 "http://aims.fao.org/aos/agrovoc/c_4240" , "leases" , "tenancy agreements" ,  ,  , "Contrato de arrendamento|Locação" ,
 "http://aims.fao.org/aos/agrovoc/c_25195" , "land economics" ,  ,  ,  ,  ,
 "http://aims.fao.org/aos/agrovoc/c_0e0e555b" , "unclaimed lands" ,  , "tierras no reclamadas" ,  ,  ,
 "http://aims.fao.org/aos/agrovoc/c_b4d51db0" , "cadastral register" ,  ,  ,  ,  ,
 "http://aims.fao.org/aos/agrovoc/c_6f79699c" , "land dispute resolution" , "land conflict resolution" , "Resolución de conflictos por la tierra" ,  ,  ,
 "http://aims.fao.org/aos/agrovoc/c_1839" , "contract farming" ,  ,  ,  ,  ,
 "http://aims.fao.org/aos/agrovoc/c_15992" , "land suitability" , "land capability" , "Potencial de la tierra|Vocación del suelo|Aptitud de tierras" ,  , "Potencial da terra" ,
 "http://aims.fao.org/aos/agrovoc/c_37898" , "land rights" ,  ,  ,  ,  ,
 "http://aims.fao.org/aos/agrovoc/c_75bb8689" , "systematic registration" ,  ,  ,  ,  ,
 "http://aims.fao.org/aos/agrovoc/c_3676" , "households" , "homes (family)" ,  ,  , "Lar (família)|Lares" ,
 "http://aims.fao.org/aos/agrovoc/c_1374158672853" , "forest conservation" ,  ,  ,  ,  ,
 "http://aims.fao.org/aos/agrovoc/c_2224" , "development agencies" , "aid institutions" , "Instituciones de ayuda" ,  , "Instituição de ajuda" ,
 "http://aims.fao.org/aos/agrovoc/c_2204" , "desertification" , "desertization" , "Desertización" ,  , "Desertização" ,
 "http://aims.fao.org/aos/agrovoc/c_18948" , "arable land" ,  , "Tierras cultivables" ,  ,  ,
 "http://aims.fao.org/aos/agrovoc/c_298db0d3" , "land area" ,  ,  ,  ,  ,
 "http://aims.fao.org/aos/agrovoc/c_7bea427c" , "land rent" ,  ,  ,  ,  ,
 "http://aims.fao.org/aos/agrovoc/c_4d6b6100" , "pastoral land rights" ,  ,  ,  ,  ,
 "http://aims.fao.org/aos/agrovoc/c_4180" , "land tax" ,  ,  ,  ,  ,
 "http://aims.fao.org/aos/agrovoc/c_781deefb" , "dispossession" ,  ,  ,  ,  ,
 "http://aims.fao.org/aos/agrovoc/c_cbe171b4" , "disturbance" ,  ,  ,  ,  ,
 "http://aims.fao.org/aos/agrovoc/c_b3864149" , "government purchases" ,  ,  ,  ,  ,
 "http://aims.fao.org/aos/agrovoc/c_6704" , "rural planning" ,  ,  ,  ,  ,
 "http://aims.fao.org/aos/agrovoc/c_c208d7f3" , "eminent domain" ,  ,  ,  ,  ,
 "http://aims.fao.org/aos/agrovoc/c_a79c0bb8" , "land subdivision" ,  ,  ,  ,  ,
 "http://aims.fao.org/aos/agrovoc/c_9000115" , "natural resources management" ,  ,  ,  ,  ,
 "http://aims.fao.org/aos/agrovoc/c_86524ff8" , "indigenous lands" ,  ,  ,  ,  ,
 "http://aims.fao.org/aos/agrovoc/c_9000093" , "land cover change" ,  , "Cambios en la cubierte terrestre" ,  , "Alteração do coberto vegetal" ,
 "http://aims.fao.org/aos/agrovoc/c_bd898e7e" , "informal tenure regimes" ,  ,  ,  ,  ,
 "http://aims.fao.org/aos/agrovoc/c_1666" , "climate change" , "climatic change" , "Cambio del clima|Variación climática|Variación del clima" ,  , "Mudança climática|Alterações Climáticas" ,
 "http://aims.fao.org/aos/agrovoc/c_28775" , "tenant's rights" ,  ,  ,  ,  ,
 "http://aims.fao.org/aos/agrovoc/c_4178" , "land reform" ,  , "Reforma agraria|Reforma de la propiedad rústica" ,  ,  ,
 "http://aims.fao.org/aos/agrovoc/c_34305" , "land conservation" ,  ,  ,  ,  ,
 "http://aims.fao.org/aos/agrovoc/c_7193" , "agrarian structure" , "agrarian systems" , "Sistemas agrarios" ,  , "Sistema agrário" ,
 "http://aims.fao.org/aos/agrovoc/c_2806" , "farmers associations" ,  ,  ,  ,  ,
 "http://aims.fao.org/aos/agrovoc/c_bdedf48c" , "sustainable land use" ,  ,  ,  ,  ,
 "http://aims.fao.org/aos/agrovoc/c_331524" , "indigenous peoples" , "native peoples|aboriginal populations" , "población indígena|población autóctona" ,  ,  ,
 "http://aims.fao.org/aos/agrovoc/c_62487b4a" , "rights of clearance" ,  , "derechos de hacha" ,  ,  ,
 "http://aims.fao.org/aos/agrovoc/c_76109b15" , "rights to the city" ,  ,  ,  ,  ,
 "http://aims.fao.org/aos/agrovoc/c_95fedfc9" , "compulsory acquisitions" ,  ,  ,  ,  ,
 "http://aims.fao.org/aos/agrovoc/c_36936" , "zoning" ,  ,  ,  ,  ,
 "http://aims.fao.org/aos/agrovoc/c_73599179" , "conflicts" ,  ,  ,  ,  ,
 "http://aims.fao.org/aos/agrovoc/c_e5f9b786" , "orphans land rights" ,  ,  ,  ,  ,
 "http://aims.fao.org/aos/agrovoc/c_3c069d3e" , "land value capture" ,  , "plusvalía de la tierra" ,  ,  ,
 "http://aims.fao.org/aos/agrovoc/c_b972e0ea" , "freehold" ,  ,  ,  ,  ,
 "http://aims.fao.org/aos/agrovoc/c_128d5eb6" , "scale" ,  ,  ,  ,  ,
 "http://aims.fao.org/aos/agrovoc/c_60fbd8f7" , "independent experts" ,  ,  ,  ,  ,
 "http://aims.fao.org/aos/agrovoc/c_2805" , "farmers" , "growers" ,  ,  , "Plantador" ,
 "http://aims.fao.org/aos/agrovoc/c_37942" , "property rights" , "right to property" ,  ,  ,  ,
 "http://aims.fao.org/aos/agrovoc/c_955981b8" , "land-based financing" ,  ,  ,  ,  ,
 "http://aims.fao.org/aos/agrovoc/c_86cb818a" , "statute law" ,  ,  ,  ,  ,
 "http://aims.fao.org/aos/agrovoc/c_9000090" , "land access" , "access to land" ,  ,  ,  ,
 "http://aims.fao.org/aos/agrovoc/c_a0982198" , "matrilineal lineage" ,  , "linaje matrilineal" ,  ,  ,
 "http://aims.fao.org/aos/agrovoc/c_d80e0cd0" , "leaseholds" ,  ,  ,  ,  ,
 "http://aims.fao.org/aos/agrovoc/c_6cdf27e3" , "post-conflict settings" ,  ,  ,  ,  ,
 "http://aims.fao.org/aos/agrovoc/c_16141" , "nature reserves" , "parks (reserves)|biosphere reserves|wildlife parks" , "Parques (reservas)|Reservas de la biósfera|Parques de vida silvestre" ,  , "Parque (reserva)|Reserva da biosfera|Parque de vida silvestre" ,
 "http://aims.fao.org/aos/agrovoc/c_331356" , "discrimination" ,  ,  ,  ,  ,
 "http://aims.fao.org/aos/agrovoc/c_6e4e50f1" , "perception of tenure security" ,  ,  ,  ,  ,
 "http://aims.fao.org/aos/agrovoc/c_de0f1771" , "group tenure arrangements" ,  ,  ,  ,  ,
 "http://aims.fao.org/aos/agrovoc/c_0eca1c57" , "codification" ,  ,  ,  ,  ,
 "http://aims.fao.org/aos/agrovoc/c_18389" , "peri-urban agriculture" , "suburban agriculture" ,  ,  , "Agricultura periurbana" ,
 "http://aims.fao.org/aos/agrovoc/c_3b50d6b6" , "regularization of illegal occupation" ,  ,  ,  ,  ,
 "http://aims.fao.org/aos/agrovoc/c_9024771d" , "communal ownership" ,  ,  ,  ,  ,
 "http://aims.fao.org/aos/agrovoc/c_a72beecd" , "land register" ,  ,  ,  ,  ,
 "http://aims.fao.org/aos/agrovoc/c_cd44c0b3" , "customary land rights" ,  , "derechos consuetudinarios de tierras" ,  ,  ,
 "http://aims.fao.org/aos/agrovoc/c_c1543349" , "legal empowerment" ,  ,  ,  ,  ,
 "http://aims.fao.org/aos/agrovoc/c_0cc6c485" , "trust" ,  ,  ,  ,  ,
 "http://aims.fao.org/aos/agrovoc/c_ff890f6b" , "community land rights" ,  ,  ,  ,  ,
 "http://aims.fao.org/aos/agrovoc/c_4bd6790a" , "agricultural land management" ,  ,  ,  ,  ,
 "http://aims.fao.org/aos/agrovoc/c_4374c6c9" , "land stakeholders" ,  ,  ,  ,  ,
 "http://aims.fao.org/aos/agrovoc/c_10265135" , "sources (land administration)" ,  ,  ,  ,  ,
 "http://aims.fao.org/aos/agrovoc/c_14569" , "state forests" ,  ,  ,  ,  ,
 "http://aims.fao.org/aos/agrovoc/c_1410424255662" , "advocacy" ,  ,  ,  ,  ,
 "http://aims.fao.org/aos/agrovoc/c_89d3dcbb" , "land acquisitions" ,  ,  ,  ,  ,
 "http://aims.fao.org/aos/agrovoc/c_ce82f76d" , "drylands" , "arid lands" , "Tierras secas" ,  ,  ,
 "http://aims.fao.org/aos/agrovoc/c_15590" , "deforestation" ,  ,  ,  ,  ,
 "http://aims.fao.org/aos/agrovoc/c_28e0dafa" , "non indigenous peoples" ,  , "extranjero" ,  ,  ,
 "http://aims.fao.org/aos/agrovoc/c_37623" , "public participation" , "citizen participation" , "Participación de los ciudadanos" ,  , "Participação do cidadão" ,
 "http://aims.fao.org/aos/agrovoc/c_24843" , "forest land" ,  ,  ,  ,  ,
 "http://aims.fao.org/aos/agrovoc/c_c4457c2d" , "profiles" ,  ,  ,  ,  ,
 "http://aims.fao.org/aos/agrovoc/c_f84a48c4" , "negotiated land reform" ,  , "reforma agraria negociada" ,  ,  ,
 "http://aims.fao.org/aos/agrovoc/c_4172" , "land" ,  ,  ,  ,  ,
 "http://aims.fao.org/aos/agrovoc/c_16112" , "agropastoral systems" , "agropastoralism" , "Agropastoralismo|sistema agropastoril" ,  ,  ,
 "http://aims.fao.org/aos/agrovoc/c_6350" , "public ownership" , "state ownership" , "Propiedad estatal" ,  , "Propriedade do estado" ,
 "http://aims.fao.org/aos/agrovoc/c_6b2ca397" , "protection of minorities" ,  ,  ,  ,  ,
 "http://aims.fao.org/aos/agrovoc/c_3836a585" , "resettlement" ,  ,  ,  ,  ,
 "http://aims.fao.org/aos/agrovoc/c_24866" , "land management" ,  , "Gestión de tierras" ,  ,  ,
 "http://aims.fao.org/aos/agrovoc/c_1798" , "expropriation" , "compulsory purchase of land|confiscation" ,  ,  , "Desapropriação da terra" ,
 "http://aims.fao.org/aos/agrovoc/c_3055" , "forestry" ,  , "dasonomía" ,  , "Silvicultura" ,
 "http://aims.fao.org/aos/agrovoc/c_8086" , "urban population" ,  ,  ,  ,  ,
 "http://aims.fao.org/aos/agrovoc/c_9be48a31" , "hunger" ,  ,  ,  ,  ,
 "http://aims.fao.org/aos/agrovoc/c_92fa245e" , "sporadic registration" ,  ,  ,  ,  ,
 "http://aims.fao.org/aos/agrovoc/c_85688b48" , "urban land" ,  , "Terrenos urbanos" ,  ,  ,
 "http://aims.fao.org/aos/agrovoc/c_8309" , "water" ,  ,  ,  ,  ,
 "http://aims.fao.org/aos/agrovoc/c_51a39a94" , "open access (land)" ,  , "tierras de acceso abierto" ,  ,  ,
 "http://aims.fao.org/aos/agrovoc/c_3870" , "inheritance tax" ,  ,  ,  ,  ,
 "http://aims.fao.org/aos/agrovoc/c_b12823a4" , "points" ,  ,  ,  ,  ,
 "http://aims.fao.org/aos/agrovoc/c_fdee7675" , "cadastral maps" ,  ,  ,  ,  ,
 "http://aims.fao.org/aos/agrovoc/c_16532" , "community forestry" , "communal forestry" , "forestería comunitaria" ,  ,  ,
 "http://aims.fao.org/aos/agrovoc/c_6705" , "rural population" ,  ,  ,  ,  ,
 "http://aims.fao.org/aos/agrovoc/c_f86e1a09" , "prescription" ,  ,  ,  ,  ,
 "http://aims.fao.org/aos/agrovoc/c_196" , "agrarian reform" ,  ,  ,  ,  ,
 "http://aims.fao.org/aos/agrovoc/c_1782" , "common lands" , "communal lands|commonages" , "bienes comunes" ,  , "Terra comunitária" ,
 "http://aims.fao.org/aos/agrovoc/c_97241aeb" , "grazing land rights" ,  ,  ,  ,  ,
 "http://aims.fao.org/aos/agrovoc/c_4184" , "landowners" , "landlords" , "Propietarios rurales" ,  , "Proprietário da terra|Proprietário rural" ,
 "http://aims.fao.org/aos/agrovoc/c_9000091" , "land administration" ,  ,  ,  ,  ,
 "http://aims.fao.org/aos/agrovoc/c_72efbdb8" , "notary" ,  ,  ,  ,  ,
 "http://aims.fao.org/aos/agrovoc/c_15d85712" , "land speculation" ,  ,  ,  ,  ,
